<?xml version='1.0' encoding='UTF-8' ?>
<timeLogEntries>
  <time id="26" path="/Proyecto/SAT/PSP2/Code" start="@1510001881380" delta="4" flag="A" />
  <time id="27" path="/Proyecto/SAT/PSP2/Compile" start="@1510002122059" delta="11" flag="A" />
  <time id="28" path="/Proyecto/SAT/PSP2/Test" start="@1510002771073" delta="13" flag="A" />
  <time id="29" path="/Proyecto/SAT/PSP2/Postmortem" start="@1510008353794" delta="10" flag="A" />
  <time id="30" path="/Proyecto/SAT/PSP2/Planning" start="@1510008952578" delta="1" flag="A" />
  <time id="31" path="/Proyecto/SAT/PSP2/Design" start="@1510008955263" delta="1" flag="A" />
  <time id="32" path="/Proyecto/SAT/PSP2/Design Review" start="@1510008957098" delta="1" flag="A" />
  <time id="33" path="/Proyecto/SAT/PSP2/Code" start="@1510008958017" delta="1" flag="A" />
  <time id="34" path="/Proyecto/SAT/PSP2/Code Review" start="@1510008959911" delta="1" flag="A" />
  <time id="35" path="/Proyecto/SAT/PSP2/Test" start="@1510008965859" delta="1" flag="A" />
  <time id="36" path="/Proyecto/SAT/PSP2/Postmortem" start="@1510008965896" flag="A" />
</timeLogEntries>
