<?xml version='1.0' encoding='UTF-8' ?>
<timeLogEntries>
  <time id="1" path="/Proyecto/alcancia/PSP0/Planning" start="@1505775547093" delta="21" interrupt="6" />
  <time id="2" path="/Proyecto/alcancia/PSP0/Code" start="@1506235336286" delta="94" />
  <time id="3" path="/Proyecto/alcancia/PSP0/Code" start="@1506261196654" delta="247" interrupt="52" />
  <time id="4" path="/Proyecto/alcancia/PSP0/Code" start="@1506283780487" delta="24" />
  <time id="5" path="/Proyecto/alcancia/PSP0/Compile" start="@1506286263701" delta="10" />
  <time id="6" path="/Proyecto/carrito de compras/PSP1/Planning" start="@1508276970285" delta="21" />
  <time id="7" path="/Proyecto/carrito de compras/PSP1/Planning" start="@1508278839882" delta="9" />
  <time id="8" path="/Proyecto/carrito de compras/PSP1/Planning" start="@1508283685993" delta="11" />
  <time id="9" path="/Proyecto/carrito de compras/PSP1/Code" start="@1508387942572" delta="103" interrupt="-296" />
  <time id="10" path="/Proyecto/carrito de compras/PSP1/Planning" start="@1508453421326" delta="324" interrupt="5" />
  <time id="11" path="/Proyecto/carrito de compras/PSP1/Code" start="@1508532345611" delta="125" interrupt="21" />
  <time id="12" path="/Proyecto/carrito de compras/PSP1/Code" start="@1508543263177" delta="28" />
  <time id="13" path="/Proyecto/carrito de compras/PSP1/Code" start="@1508595657875" delta="231" />
  <time id="14" path="/Proyecto/carrito de compras/PSP1/Compile" start="@1508614466550" delta="7" interrupt="68" />
  <time id="15" path="/Proyecto/carrito de compras/PSP1/Test" start="@1508621099144" delta="18" />
  <time id="16" path="/Proyecto/carrito de compras/PSP1/Postmortem" start="@1508623484761" delta="9" />
  <time id="17" path="/Proyecto/SAT/PSP2/Planning" start="@1509810971678" delta="57" interrupt="13" />
  <time id="18" path="/Proyecto/SAT/PSP2/Design Review" start="@1509815227412" delta="7" />
  <time id="19" path="/Proyecto/SAT/PSP2/Design Review" start="@1509818950752" delta="12" />
  <time id="20" path="/Proyecto/SAT/PSP2/Code" start="@1509819696701" delta="261" interrupt="38" />
  <time id="21" path="/Proyecto/SAT/PSP2/Design Review" start="@1509837646437" delta="3" />
  <time id="22" path="/Proyecto/SAT/PSP2/Code" start="@1509837819317" delta="202" />
  <time id="23" path="/Proyecto/SAT/PSP2/Code" start="@1509889772195" delta="473" interrupt="29" />
  <time id="24" path="/Proyecto/SAT/PSP2/Code Review" start="@1509919986970" delta="6" />
  <time id="25" path="/Proyecto/SAT/PSP2/Code" start="@1509920341156" delta="2" />
</timeLogEntries>
